<?xml version="1.0" encoding="UTF-8"?>
<!DOCTYPE mapper
PUBLIC "-//mybatis.org//DTD Mapper 3.0//EN"
"http://mybatis.org/dtd/mybatis-3-mapper.dtd">

<mapper namespace="com.human.dao.BoardDAO">
<insert id="create">insert into tbl_board (bno, title,content,writer)
values (seq_board.nextval,#{title},#{content}, #{writer})</insert>

<select id="read" resultType="BoardVO"> 
select * from tbl_board where bno = #{bno} </select>

<update id="update"> update tbl_board set title =#{title}, content =#{content} where bno = #{bno} </update>


<delete id="delete"> delete from tbl_board where bno = #{bno} </delete>
<select id="listAll" resultType="com.human.dto.BoardVO">

<![CDATA[ select * from tbl_board where bno > 0 order by bno desc, regdate desc ]]>
 
</select>
</mapper>
